date,portfolio_return
2015-04-23,0.004579494552262364
2015-04-24,0.001558208688616114
2015-04-27,-0.008181269404511804
2015-04-28,0.0026908381365358114
2015-04-29,-0.012544946703774151
2015-04-30,-0.0164547057535408
2015-05-01,0.015540939190116898
2015-05-04,0.0029057540909047663
2015-05-05,-0.03827639665868465
2015-05-06,-0.003328186939431599
2015-05-07,0.0044711761289926155
2015-05-08,-0.004348530181850774
2015-05-11,0.0007297525910507918
2015-05-12,-0.0010691351171495667
2015-05-13,-0.0007890116347525344
2015-05-14,0.010010300692759877
2015-05-15,0.004854902640303527
2015-05-18,0.008440573634812543
2015-05-19,0.005233626819392212
2015-05-20,0.0006084566071880015
2015-05-21,-0.0028382473888368676
2015-05-22,-0.001013135883469407
2015-05-26,-0.007667648668268634
2015-05-27,0.011491558015894077
2015-05-28,-0.001774004570023635
2015-05-29,-0.0011787037320253324
2015-06-01,0.0011625645544184326
2015-06-02,-0.007402650189630933
2015-06-03,0.005217964068589431
2015-06-04,-0.004951931566101853
2015-06-05,0.003714299216287076
2015-06-08,-0.006374604654224569
2015-06-09,0.0025334081489853943
2015-06-10,0.006839716631303894
2015-06-11,0.0011201547741721551
2015-06-12,-0.006248431497182683
2015-06-15,0.0005115096704120248
2015-06-16,0.007076989839002845
2015-06-17,0.0014885319692885535
2015-06-18,0.013674817568583908
2015-06-19,0.003792537476500657
2015-06-22,-0.0052701455758468185
2015-06-23,-0.0016805934562307279
2015-06-24,-0.01307119855056249
2015-06-25,5.3675267950969996e-05
2015-06-26,0.00020937581142566053
2015-06-29,-0.021473209108888835
2015-06-30,-0.0013896958888149902
2015-07-01,0.011213325048821554
2015-07-02,-0.0030219537123136186
2015-07-06,-0.0006375916259618863
2015-07-07,0.005648554121811866
2015-07-08,-0.009723390097316154
2015-07-09,-0.003751157727462595
2015-07-10,0.011231856138947283
2015-07-13,0.0027395337305136103
2015-07-14,0.0060872987996218875
2015-07-15,-0.007581745411188168
2015-07-16,0.008999586964763884
2015-07-17,-0.00845223264915651
2015-07-20,-0.005349573704340194
2015-07-21,-0.003913389564468295
2015-07-22,0.002054761680878814
2015-07-23,0.0018943539377949126
2015-07-24,-0.010630733031899542
2015-07-27,-0.008188498499290375
2015-07-28,0.009963568088891872
2015-07-29,0.008262839736572936
2015-07-30,0.007865416186163099
2015-07-31,0.002136577431264497
2015-08-03,0.006294842333543382
2015-08-04,-0.001795596708396685
2015-08-05,0.006800238319438767
2015-08-06,-0.025491292790027265
2015-08-07,0.01872236524866433
2015-08-10,0.001559385566003435
2015-08-11,-0.0002759464064243655
2015-08-12,-0.0089958321553687
2015-08-13,0.002541310371726224
2015-08-14,0.00668040326279562
2015-08-17,0.007976187977061677
2015-08-18,-0.003276533366539769
2015-08-19,-0.006971406756261067
2015-08-20,-0.01918686257297586
2015-08-21,-0.02798207909699968
2015-08-24,-0.03552320234937789
2015-08-25,-0.008024039017510143
2015-08-26,0.036515240790746084
2015-08-27,0.01899973439594005
2015-08-28,0.0015453676125221083
2015-08-31,-0.009491789629025416
2015-09-01,-0.025713194029279185
2015-09-02,0.0208363342007154
2015-09-03,0.002349402358376995
2015-09-04,-0.010498255702070303
2015-09-08,0.023824338544673918
2015-09-09,-0.015633129280748892
2015-09-10,0.005064789203162334
2015-09-11,0.010412837302040678
2015-09-14,-0.00261823019483165
2015-09-15,0.007347166077451339
2015-09-16,0.01608981526920994
2015-09-17,0.009313654039204255
2015-09-18,-0.002690818332745315
2015-09-21,0.00010778792672549997
2015-09-22,-0.012233490053395246
2015-09-23,-0.0016310642444666845
2015-09-24,-0.0023221651631089024
2015-09-25,0.005577827021899573
2015-09-28,-0.020099742739765114
2015-09-29,0.0018766850361360277
2015-09-30,0.01682554732217878
2015-10-01,-0.0027377113395546937
2015-10-02,0.01791013227576288
2015-10-05,0.01835132039475762
2015-10-06,-0.001968405205418189
2015-10-07,0.011884076215908923
2015-10-08,0.015256908720592932
2015-10-09,-0.002100479529645982
2015-10-12,0.006153035511737848
2015-10-13,-0.005796713612277848
2015-10-14,-0.0050993263063821015
2015-10-15,0.011320803204480478
2015-10-16,0.009287822699397097
2015-10-19,0.007135059427226587
2015-10-20,-0.007367756586934671
2015-10-21,-0.0159696335663857
2015-10-22,0.022329923914916616
2015-10-23,0.0036204455252351053
2015-10-26,-0.0005001655374257119
2015-10-27,-0.004433308408850145
2015-10-28,0.020192885779742653
2015-10-29,-0.01306930551954888
2015-10-30,-0.0007318434231067261
2015-11-02,0.012436722598864414
2015-11-03,0.005513676926563793
2015-11-04,-0.004356050760669916
2015-11-05,-0.0027491470342622115
2015-11-06,0.009317316757292637
2015-11-09,-0.010119130931391274
2015-11-10,0.0005947462179527463
2015-11-11,-0.002921405148248346
2015-11-12,-0.006691252818163074
2015-11-13,-0.014985816547974817
2015-11-16,0.012547734564712032
2015-11-17,-0.0009169707068577004
2015-11-18,0.01711119534979355
2015-11-19,0.005284599684752145
2015-11-20,0.018868057145311257
2015-11-23,-0.0013461382266620747
2015-11-24,0.006629471477532123
2015-11-25,0.009287555860213015
2015-11-27,0.006505662295638981
2015-11-30,-0.0010582714853328845
2015-12-01,0.005016982929452629
2015-12-02,-0.0015418969107164893
2015-12-03,-0.011674514106070455
2015-12-04,0.02096966712908177
2015-12-07,-0.006432986242185135
2015-12-08,0.0043002021615261565
2015-12-09,-0.009319900641575285
2015-12-10,-0.007009873995215132
2015-12-11,-0.014090636824777847
2015-12-14,0.005973917474041857
2015-12-15,0.012323747442100519
2015-12-16,0.00976346301049169
2015-12-17,-0.006540856838042286
2015-12-18,-0.014209450512912558
2015-12-21,0.015034741861871037
2015-12-22,0.005578989165663906
2015-12-23,0.0032789756983768736
2015-12-24,-0.001797630395919625
2015-12-28,0.0024458476752495795
2015-12-29,0.010429423377565028
2015-12-30,-0.004398390753669101
2015-12-31,-0.008170421017360985
2016-01-04,-0.018733131196902897
2016-01-05,0.009819658783414953
2016-01-06,-0.006067616930176656
2016-01-07,-0.029136054278757983
2016-01-08,-0.013738492151578519
2016-01-11,0.006896981122251011
2016-01-12,0.010780741687732354
2016-01-13,-0.018612372680661515
2016-01-14,0.007062989472695236
2016-01-15,-0.01950696085589043
2016-01-19,0.0017031967770124723
2016-01-20,-0.0019208927067860815
2016-01-21,0.0003147383967543327
2016-01-22,0.02034805005657181
2016-01-25,-0.004076352567403907
2016-01-26,0.011281454227174859
2016-01-27,-0.01152932602298462
2016-01-28,-0.0010831194485965145
2016-01-29,0.02837607036466694
2016-02-01,0.008701344596507399
2016-02-02,-0.011631051202269371
2016-02-03,-0.004963675080598584
2016-02-04,-0.003851587353248198
2016-02-05,-0.034130875024970475
2016-02-08,-0.010456486131585563
2016-02-09,-0.009551998741012424
2016-02-10,0.01200207870437886
2016-02-11,-0.005900504040910359
2016-02-12,0.013836053219742794
2016-02-16,0.015680890295402428
2016-02-17,0.014748842871354473
2016-02-18,0.0033447350305140233
2016-02-19,0.004175947448574746
2016-02-22,0.015804402363378767
2016-02-23,0.010282275179259948
2016-02-24,0.011982528792111147
2016-02-25,0.017599447419365033
2016-02-26,-0.005424861103230261
2016-02-29,-0.005114056681694845
2016-03-01,0.017033695179747177
2016-03-02,0.00383674426254621
2016-03-03,0.003726668208269057
2016-03-04,0.0023450931128106145
2016-03-07,-0.004246698740142718
2016-03-08,-0.012546733629680173
2016-03-09,0.003995265140642967
2016-03-10,-0.0032037469434685883
2016-03-11,0.019660768819706798
2016-03-14,0.0018491549262695806
2016-03-15,-0.010420728690565095
2016-03-16,0.011959811650372743
2016-03-17,0.013264458482306063
2016-03-18,0.003423471614280471
2016-03-21,-0.001497413111341217
2016-03-22,-0.002679338776086504
2016-03-23,-0.00920276935222819
2016-03-24,0.0033036234863221825
2016-03-28,0.005643288889213061
2016-03-29,0.02421761534405631
2016-03-30,0.012738939111472725
2016-03-31,-0.005652433098356946
2016-04-01,0.005823809635627342
2016-04-04,-0.006902664687229665
2016-04-05,-0.015943562892919427
2016-04-06,0.006001732247076452
2016-04-07,-0.005179786742797288
2016-04-08,0.001954621363347453
2016-04-11,-0.005445421961333907
2016-04-12,0.004299832343206855
2016-04-13,0.009741412721914644
2016-04-14,-0.002743550933773764
2016-04-15,0.004923283674550083
2016-04-18,0.0032041700860230282
2016-04-19,-0.0027911837314232857
2016-04-20,-0.004371168123882829
2016-04-21,-0.004917540325906744
2016-04-22,0.0006469293345323646
2016-04-25,0.0034576466986837584
2016-04-26,0.0028282902520828657
2016-04-27,0.0026875741550904664
2016-04-28,-0.012570476508026118
2016-04-29,-0.007731155107454701
2016-05-02,0.019399430655301808
2016-05-03,0.0010493563312403698
2016-05-04,-0.009554156182884688
2016-05-05,-0.0005608495224069809
2016-05-06,0.006036802889299864
2016-05-09,0.003992738911425597
2016-05-10,0.0045440658961244385
2016-05-11,-0.008636344460287937
2016-05-12,0.003173067594104406
2016-05-13,0.023452561529392346
2016-05-16,0.014543960681158596
2016-05-17,-0.014400001581415633
2016-05-18,0.0010791250358066495
2016-05-19,-0.005334841101070409
2016-05-20,0.0031238936876869516
2016-05-23,-0.0019783195061092718
2016-05-24,0.014805078542791783
2016-05-25,-0.0008478174292660956
2016-05-26,0.006565192759627969
2016-05-27,0.0082282284455657
2016-05-31,-0.004528539539063181
2016-06-01,0.0024344464210748207
2016-06-02,0.0043921992789985875
2016-06-03,-0.0007306092454911761
2016-06-06,0.0010921610448908492
2016-06-07,0.0024896785627139817
2016-06-08,0.005910512391967604
2016-06-09,0.00848539949492122
2016-06-10,-0.014192477094941092
2016-06-13,0.002943521078537348
2016-06-14,0.00046596029830126007
2016-06-15,0.001227764422459865
2016-06-16,0.0018494120396830294
2016-06-17,-0.00967007335191028
2016-06-20,0.012324445673608908
2016-06-21,-0.006015486094274158
2016-06-22,-0.005209888170212618
2016-06-23,0.010458620465132018
2016-06-24,-0.021897220269044726
2016-06-27,-0.013861927705578592
2016-06-28,0.00989543939422921
2016-06-29,0.0150706057996568
2016-06-30,0.0038707635902213156
2016-07-01,0.003075297916654174
2016-07-05,0.008379374129197315
2016-07-06,0.005814820843036417
2016-07-07,0.001777545006919512
2016-07-08,0.0172482888724117
2016-07-11,0.007619153044432725
2016-07-12,0.010964289890344814
2016-07-13,-0.0007467396286756633
2016-07-14,0.0009615178144977143
2016-07-15,-0.003914423668613054
2016-07-18,0.0005971588780129267
2016-07-19,0.003748456732698191
2016-07-20,0.00297666684918263
2016-07-21,-0.005016556820975349
2016-07-22,0.013645612669584306
2016-07-25,0.0028207425553523624
2016-07-26,-0.01057918373838429
2016-07-27,-0.008243876979391551
2016-07-28,-0.0003975112451349849
2016-07-29,0.0079145345904994
2016-08-01,0.0012221843686834877
2016-08-02,-0.024971238484869707
2016-08-03,-0.0033072026585808656
2016-08-04,0.0012923171724896765
2016-08-05,0.010309179277424363
2016-08-08,0.004204652355559002
2016-08-09,0.002096851511907749
2016-08-10,0.0014850862867266112
2016-08-11,0.006215521206250019
2016-08-12,0.012439027435669159
2016-08-15,-0.00010183208993330695
2016-08-16,-0.0056116734976876526
2016-08-17,-0.0019189060332811536
2016-08-18,0.006585656663249839
2016-08-19,-0.002106771301294885
2016-08-22,0.00253857825257775
2016-08-23,0.006310536101531206
2016-08-24,-0.006413473528052327
2016-08-25,-0.00017356332100360028
2016-08-26,-0.00398032528908443
2016-08-29,0.0031942701324245704
2016-08-30,-0.005435331428808254
2016-08-31,-0.002535206507012888
2016-09-01,0.008317270873155147
2016-09-02,0.0024407740532872424
2016-09-06,0.007204960012087591
2016-09-07,0.003386402718821513
2016-09-08,-0.005211379807646632
2016-09-09,-0.03608999334875418
2016-09-12,0.013227880305689554
2016-09-13,-0.01456462959160465
2016-09-14,8.436260649102856e-05
2016-09-15,0.01841329316029916
2016-09-16,0.004054227174634661
2016-09-19,0.004278719973685341
2016-09-20,0.0001619194017545844
2016-09-21,0.01787045214124383
2016-09-22,0.009300343252747645
2016-09-23,-0.0001899222637951059
2016-09-26,-0.006887890845464928
2016-09-27,0.007900523178318242
2016-09-28,-0.006187897731518399
2016-09-29,-0.009680488520788066
2016-09-30,0.008091643816334537
2016-10-03,-0.006824774150240631
2016-10-04,-0.008414938359285085
2016-10-05,-0.006773683828216415
2016-10-06,-0.007441139228904992
2016-10-07,-0.0021846288065948682
2016-10-10,0.005692247425107322
2016-10-11,-0.012733543894716592
2016-10-12,0.00633174368584033
2016-10-13,-0.0025343907982423586
2016-10-14,0.0016314498039928793
2016-10-17,-0.0020820431149530805
2016-10-18,0.003753653643928434
2016-10-19,0.005661556730322426
2016-10-20,0.00242290396385747
2016-10-21,0.001415894255626382
2016-10-24,0.016445780217630768
2016-10-25,-0.005315661444240671
2016-10-26,-0.0016382462573063528
2016-10-27,-0.010265296939860336
2016-10-28,0.00461684116207306
2016-10-31,0.006181736094201584
2016-11-01,-0.015208455293750811
2016-11-02,-0.009012285651377572
2016-11-03,0.0002603785093517885
2016-11-04,-0.0009003027245931827
2016-11-07,0.031321715779818904
2016-11-08,0.004327739077500947
2016-11-09,0.002203564805364211
2016-11-10,-0.010906215797963692
2016-11-11,0.08265406348465265
2016-11-14,-0.010840492109042588
2016-11-15,0.010888774088462894
2016-11-16,0.021642270920552376
2016-11-17,0.001987642457737415
2016-11-18,0.0024075581048863537
2016-11-21,0.0008473699487276942
2016-11-22,0.010644887944986081
2016-11-23,0.004898992981942296
2016-11-25,0.0047490051311605
2016-11-28,-0.005161865582987146
2016-11-29,-0.0004874153895070288
2016-11-30,-0.014264717901416368
2016-12-01,-0.022850614860697838
2016-12-02,0.005253715374776036
2016-12-05,0.021185441073462652
2016-12-06,0.006019184853693238
2016-12-07,0.023432006292174457
2016-12-08,0.003985439154528425
2016-12-09,-0.002290523423501001
2016-12-12,-0.007457779327571856
2016-12-13,0.002225365517453115
2016-12-14,0.00793346871985312
2016-12-15,0.008428612637002786
2016-12-16,0.007515507127230814
2016-12-19,0.005717877706971963
2016-12-20,0.016081121754721872
2016-12-21,-0.0010610001014607073
2016-12-22,0.0039045800660082453
2016-12-23,0.009882522471988286
2016-12-27,0.025212022898376096
2016-12-28,-0.03064022351802609
2016-12-29,0.010875067015401418
2016-12-30,-0.016849501229665553
2017-01-03,-0.014761581502468313
2017-01-04,0.017658579640153826
2017-01-05,-0.008477670332832088
2017-01-06,0.0043400080474864655
2017-01-09,0.0059629907926774806
2017-01-10,-0.0010707497279220934
2017-01-11,-0.0039715623651030985
2017-01-12,-0.009677074914737571
2017-01-13,0.0004131142764010054
2017-01-17,-0.0066539364870109585
2017-01-18,0.008405316946904495
2017-01-19,-0.00017020708179726896
2017-01-20,0.0008065633469964695
2017-01-23,0.005729016912708662
2017-01-24,0.012534790637319437
2017-01-25,0.004710244378816952
2017-01-26,0.004631622998405582
2017-01-27,0.006808641887210198
2017-01-30,-0.010749942849192173
2017-01-31,0.0036592043526648688
2017-02-01,0.016601942126274638
2017-02-02,0.006210004883760778
2017-02-03,0.0031086548937178105
2017-02-06,0.009697311958343668
2017-02-07,0.006209922052263339
2017-02-08,0.005215215694952979
2017-02-09,-0.003073644248585583
2017-02-10,-0.007184227050374692
2017-02-13,-0.014941963649694134
2017-02-14,-0.0007404029544618718
2017-02-15,0.002438673337424646
2017-02-16,-0.005631838689526436
2017-02-17,0.007666504058894796
2017-02-21,0.014008927958925721
2017-02-22,-0.009704818841794194
2017-02-23,-0.030706232451769955
2017-02-24,0.006293372078567394
2017-02-27,0.007018459936038335
2017-02-28,-0.011200023037592821
2017-03-01,0.01456592242479915
2017-03-02,-0.014821040294912047
2017-03-03,-0.0023929412672191175
2017-03-06,-0.0063167635014867995
2017-03-07,-0.002835355624848712
2017-03-08,-0.002006670447076364
2017-03-09,-0.0037536046485164842
2017-03-10,0.004726645170428867
2017-03-13,0.009419525042696941
2017-03-14,-0.002657469070614038
2017-03-15,0.01598456218137967
2017-03-16,0.003986589545511787
2017-03-17,0.013226619082379765
2017-03-20,0.008841913647162247
2017-03-21,-0.014239059906512419
2017-03-22,0.003377390051748863
2017-03-23,0.0021921377320928137
2017-03-24,0.003112785971493892
2017-03-27,0.0025736115450842867
2017-03-28,0.005304161509281036
2017-03-29,-0.002100224090222813
2017-03-30,0.0058465799510203365
2017-03-31,0.00041586070750598836
2017-04-03,-0.005634002849689956
2017-04-04,-0.023174175109590633
2017-04-05,7.218079188264781e-05
2017-04-06,0.011623628041233847
2017-04-07,-0.004196460823071679
2017-04-10,-0.006915118487540672
2017-04-11,0.008239427905443408
2017-04-12,-0.005012110478682441
2017-04-13,-0.01160614306565122
2017-04-17,0.021416669237831254
2017-04-18,-0.0014202671819255608
2017-04-19,0.0015977540355502917
2017-04-20,0.008206240920113794
2017-04-21,2.7397733797895896e-05
2017-04-24,0.008804530863713023
2017-04-25,0.014494592001444095
2017-04-26,0.0002834463666296916
2017-04-27,0.004005003051339662
2017-04-28,-0.011420805349801388
2017-05-01,0.005501362298651502
2017-05-02,-0.0012703329146274145
2017-05-03,0.0004782285507891615
2017-05-04,-0.0008511114921081475
2017-05-05,0.0064858860444552136
2017-05-08,-0.005597192939195028
2017-05-09,0.0011054159431516108
2017-05-10,0.05515173382107985
2017-05-11,0.011372381596318037
2017-05-12,0.0015321670093664252
2017-05-15,0.019318225598910832
2017-05-16,0.004260089120398103
2017-05-17,-0.026672985540500904
2017-05-18,0.01704406052777019
2017-05-19,0.01045206779586616
2017-05-22,0.010469068560180705
2017-05-23,0.0008227650303562761
2017-05-24,0.008360723171181528
2017-05-25,0.001625588939403233
2017-05-26,0.008692134627420245
2017-05-30,0.006828750619423785
2017-05-31,0.002109909832349821
2017-06-01,0.0059677111205795885
2017-06-02,0.0028949604267280993
2017-06-05,0.003974585380481344
2017-06-06,-0.005297751221907787
2017-06-07,0.006310147206621153
2017-06-08,0.029780481508721257
2017-06-09,-0.026924567124823162
2017-06-12,-0.003995418134346562
2017-06-13,0.005468354021526789
2017-06-14,0.0011334143214567494
2017-06-15,-0.0022770560582042743
2017-06-16,-0.002933982993833073
2017-06-19,0.015115455304912873
2017-06-20,-0.00356567672535657
2017-06-21,0.004855795832350074
2017-06-22,0.0012605430864576217
2017-06-23,-0.008775290835308147
2017-06-26,-0.0022466924515085474
2017-06-27,-0.007332375607587038
2017-06-28,0.016465668632263508
2017-06-29,-0.01974507415873994
2017-06-30,0.0007215633165966739
2017-07-03,-0.011813497391656824
2017-07-05,0.005607777556460469
2017-07-06,-0.004130206815486148
2017-07-07,0.01788330988055664
2017-07-10,0.014613567140879358
2017-07-11,0.00413394471298556
2017-07-12,0.0247253657500468
2017-07-13,-0.009122622524585289
2017-07-14,0.01554915561174619
2017-07-17,-0.002416005530273546
2017-07-18,0.00211466825111839
2017-07-19,0.001393976000931385
2017-07-20,0.006993519615107857
2017-07-21,0.0050160627269575375
2017-07-24,-0.007650578125928065
2017-07-25,0.00424711619149809
2017-07-26,0.0005807370096808651
2017-07-27,-0.018496688294957875
2017-07-28,0.005380127947794966
2017-07-31,-0.003819029576466293
2017-08-01,0.01070164904811799
2017-08-02,-0.0051437486419588785
2017-08-03,0.004352750877496536
2017-08-04,0.003657036658550439
2017-08-07,0.01695692391828474
2017-08-08,-0.0071254141351132505
2017-08-09,-0.001170519256060265
2017-08-10,-0.01932358673482104
2017-08-11,-0.01982874650080757
2017-08-14,0.03506210660256226
2017-08-15,-0.005843645833216837
2017-08-16,0.003731810429339566
2017-08-17,-0.018007142572300183
2017-08-18,-0.007077503373081551
2017-08-21,-0.0028682276172273813
2017-08-22,0.015659619652869994
2017-08-23,0.007627916334196572
2017-08-24,0.0006462570059542205
2017-08-25,-0.003605691007618761
2017-08-28,0.0008156492511779412
2017-08-29,-0.0009188763052547788
2017-08-30,0.0030998000978315066
2017-08-31,0.014878312064187993
2017-09-01,0.004654466095699306
2017-09-05,-0.013650261702814581
2017-09-06,7.366563677324578e-05
2017-09-07,0.006027032132250643
2017-09-08,-0.004827306653725327
2017-09-11,0.021550241037164852
2017-09-12,-0.004016422883139192
2017-09-13,0.0024334332594482255
2017-09-14,-0.0010219106408421164
2017-09-15,0.030823687908918984
2017-09-18,0.016741980360254427
2017-09-19,-0.00031476759203175053
2017-09-20,-0.0009406676817296233
2017-09-21,-0.01027966676627512
2017-09-22,-0.004295294237932512
2017-09-25,-0.01950751972923237
2017-09-26,0.0009904934807347665
2017-09-27,0.012254248930302802
2017-09-28,0.0031139246129374687
2017-09-29,0.004325554688991318
2017-10-02,0.005713431775446587
2017-10-03,0.0010479473803426398
2017-10-04,0.0041736636096112445
2017-10-05,-0.0012618529237402587
2017-10-06,0.007199876066018129
2017-10-09,0.007478253094600706
2017-10-10,0.006550537704113735
2017-10-11,0.004906839709993616
2017-10-12,0.0014594339317366423
2017-10-13,0.008956537635880002
2017-10-16,0.007037227621669473
2017-10-17,0.0001651171991365885
2017-10-18,0.0025175514552322475
2017-10-19,0.0012982269497561205
2017-10-20,-0.000686125293181572
2017-10-23,-0.0025339951095911806
2017-10-24,0.007205213281706202
2017-10-25,-0.010920305388826157
2017-10-26,0.0050910986229546484
2017-10-27,0.016473207522306188
2017-10-30,-0.0004216278706457022
2017-10-31,0.010243478954230945
2017-11-01,0.0008394241034324068
2017-11-02,0.0015551011105998658
2017-11-03,0.007602510902119164
2017-11-06,0.004070827485532558
2017-11-07,-0.0007906435275342183
2017-11-08,-0.003801033069143145
2017-11-09,-0.013351777926300268
2017-11-10,0.021318051866199283
2017-11-13,-0.002529083193472892
2017-11-14,0.00686946031725344
2017-11-15,-0.010504149198880208
2017-11-16,0.007504850536116825
2017-11-17,7.300703010515441e-05
2017-11-20,0.008197933235360777
2017-11-21,0.007911692580124807
2017-11-22,-0.005058628565363099
2017-11-24,0.005829917524928341
2017-11-27,-0.005732709309201556
2017-11-28,2.208844640549934e-05
2017-11-29,-0.028389928527913555
2017-11-30,0.013393693866325274
2017-12-01,-0.009371713751100907
2017-12-04,-0.030111718538314958
2017-12-05,0.0045713124452448906
2017-12-06,0.004433124033203173
2017-12-07,0.00289058839671541
2017-12-08,0.005153603542767504
2017-12-11,0.005218888373315966
2017-12-12,-0.013614298125372182
2017-12-13,-0.004956040081260049
2017-12-14,-0.0018709800881457905
2017-12-15,0.01676655678777883
2017-12-18,0.018109675599893515
2017-12-19,-0.00393240208497736
2017-12-20,-0.001318408781477154
2017-12-21,0.0009236182552083694
2017-12-22,-0.004454412882583414
2017-12-26,0.00452902291873114
2017-12-27,0.0011832134557638874
2017-12-28,0.0023469224926648824
2017-12-29,-0.013917649615316385
2018-01-02,0.015517648418053254
2018-01-03,0.029214452653180123
2018-01-04,0.0019496725704046813
2018-01-05,0.005721221220245987
2018-01-08,0.015521445560642944
2018-01-09,-0.0035287876685898834
2018-01-10,-0.0002025239297533954
2018-01-11,0.004876262789306418
2018-01-12,0.00010463667895854734
2018-01-16,-0.009532089294985946
2018-01-17,0.013753872296894398
2018-01-18,-0.0022831795881887995
2018-01-19,0.018845497619327745
2018-01-22,0.006615721966825028
2018-01-23,0.01818708886865239
2018-01-24,-0.005428169743386335
2018-01-25,0.005928749460516025
2018-01-26,0.012493157838300961
2018-01-29,0.002611124514370511
2018-01-30,-0.014172601353082626
2018-01-31,0.0068097845298569215
2018-02-01,-0.014242353838876398
2018-02-02,-0.021764538350108498
2018-02-05,-0.05740874300140808
2018-02-06,0.02573746898081697
2018-02-07,0.00902655408287556
2018-02-08,-0.040315976910882956
2018-02-09,0.04882330065701801
2018-02-12,-0.0009837491192459247
2018-02-13,0.013653502717732025
2018-02-14,0.019765408778422033
2018-02-15,0.018979756812240067
2018-02-16,-0.006849488295933903
2018-02-20,0.0030257837016840483
2018-02-21,-0.013815030783232318
2018-02-22,0.003092856892112028
2018-02-23,0.015279433140039878
2018-02-26,0.0026334671312906455
2018-02-27,-0.01154931076972987
2018-02-28,-0.0134263107807856
2018-03-01,-0.018226400833258882
2018-03-02,0.009229540698536542
2018-03-05,0.005811677381914571
2018-03-06,0.01602791381807145
2018-03-07,0.0026368947670436516
2018-03-08,-0.0020551319422351666
2018-03-09,0.013630037999673661
2018-03-12,0.01191599769169538
2018-03-13,-0.007097228094631314
2018-03-14,-0.0007553801166580998
2018-03-15,8.841572811757459e-05
2018-03-16,0.0027813974833250654
2018-03-19,-0.020756696783533424
2018-03-20,0.01965823239295328
2018-03-21,-0.002622135327436048
2018-03-22,-0.020009871366164167
2018-03-23,-0.028232858414286133
2018-03-26,0.033312134070669686
2018-03-27,-0.03839697415633858
2018-03-28,-0.008460148400447731
2018-03-29,0.02212179594128849
2018-04-02,-0.028168198792720256
2018-04-03,0.0187296556865435
2018-04-04,0.007530469051138189
2018-04-05,-0.0028469429961375248
2018-04-06,-0.02078125725230784
2018-04-09,0.0049599851663204575
2018-04-10,0.027824170662493097
2018-04-11,-0.0017613843892184677
2018-04-12,0.016748725400087094
2018-04-13,-0.004925545035290968
2018-04-16,0.00604210970584429
2018-04-17,0.019429604453745197
2018-04-18,-0.004875884428096611
2018-04-19,-0.021134107454804374
2018-04-20,-0.0021740249062996986
2018-04-23,-0.006729870087977763
2018-04-24,-0.009853783073320077
2018-04-25,-0.013748728826693424
2018-04-26,0.027364457412943466
2018-04-27,0.006237180346752025
2018-04-30,-0.001986707470090443
2018-05-01,0.00662177511825357
2018-05-02,0.005715642303232293
2018-05-03,0.010889228031244036
2018-05-04,0.01812692193439136
2018-05-07,0.023965290995265676
2018-05-08,0.0018783668038704349
2018-05-09,0.008533524130904357
2018-05-10,0.011975755766053142
2018-05-11,-0.010250353513937771
2018-05-14,-0.006644164588484602
2018-05-15,-0.023802663974335614
2018-05-16,0.003939367842288544
2018-05-17,0.0023055796010464924
2018-05-18,-0.0021342897552220075
2018-05-21,0.0007654881455814166
2018-05-22,-0.009356942756533648
2018-05-23,0.01372772803600375
2018-05-24,0.0037247089710330528
2018-05-25,0.0030670840441036074
2018-05-29,-0.0004780420950053488
2018-05-30,0.01738908000796302
2018-05-31,-0.006518674705263683
2018-06-01,0.013984996062233357
2018-06-04,0.020271916325870443
2018-06-05,0.00051838023232742
2018-06-06,0.004122772607724645
2018-06-07,-0.0033106206360351553
2018-06-08,0.0014598915378678523
2018-06-11,-0.0027900801414491028
2018-06-12,0.00941217849157061
2018-06-13,-0.0018308517817554604
2018-06-14,0.015070039312213401
2018-06-15,7.630319025508925e-06
2018-06-18,0.002632953165457641
2018-06-19,-0.011240640409910796
2018-06-20,0.00103592717150236
2018-06-21,-0.011205272321852977
2018-06-22,-0.013442628730368167
2018-06-25,-0.02796679051407469
2018-06-26,0.013986606941736035
2018-06-27,-0.024319012991604327
2018-06-28,0.014030119174373468
2018-06-29,-0.002516988128388409
2018-07-02,0.012883047549397952
2018-07-03,-0.010313280147335346
2018-07-05,0.017883488702594486
2018-07-06,0.009664138675235634
2018-07-09,0.00175819403371813
2018-07-10,0.00772139059703969
2018-07-11,-0.014406805927999256
2018-07-12,0.01151495348356324
2018-07-13,-0.004982208801891597
2018-07-16,-0.0010142500278342848
2018-07-17,0.0075626843974796465
2018-07-18,-0.001367541796948979
2018-07-19,-0.0029006839429707165
2018-07-20,-0.0011994396106940197
2018-07-23,-0.0024622346738514267
2018-07-24,-0.008991341793894048
2018-07-25,0.008832839307626461
2018-07-26,0.005192000367904903
2018-07-27,-0.014500959523141899
2018-07-30,-0.01809969006591694
2018-07-31,0.0015370094928783828
2018-08-01,-0.0015475802863746946
2018-08-02,0.009834909297509409
2018-08-03,0.0037684656936749494
2018-08-06,0.008839113294772938
2018-08-07,0.004640987414289199
2018-08-08,0.003969481691630028
2018-08-09,-0.0012398582806182334
2018-08-10,-0.005250288346068777
2018-08-13,-0.0006799032382518444
2018-08-14,0.014087909585381642
2018-08-15,-0.008029851117332454
2018-08-16,0.0045266681138576015
2018-08-17,-0.01906196679549854
2018-08-20,0.007021883079459057
2018-08-21,0.009421271333412307
2018-08-22,0.01954645835056934
2018-08-23,0.010993985493922498
2018-08-24,0.011520600160239924
2018-08-27,0.006842296559486094
2018-08-28,-6.718928412619007e-05
2018-08-29,0.008835353154307501
2018-08-30,-0.0026666285757287467
2018-08-31,0.011291205282466521
2018-09-04,0.0038720168282906364
2018-09-05,-0.005868688275612821
2018-09-06,-0.001121403536381016
2018-09-07,-0.0001524018860472598
2018-09-10,0.007042493517724457
2018-09-11,-0.0029566301695103103
2018-09-12,-0.007112796705593394
2018-09-13,0.006129722728396736
2018-09-14,0.0070962734233055436
2018-09-17,-0.006648212649640217
2018-09-18,-0.003214087981133984
2018-09-19,-0.0054949567571515034
2018-09-20,-0.00707409556902161
2018-09-21,-0.0032037204356492044
2018-09-24,-0.0014210818694381233
2018-09-25,0.01196060608780436
2018-09-26,-0.007112079804900362
2018-09-27,0.003302744587323936
2018-09-28,0.02391593561790817
2018-10-01,0.0075758884474972366
2018-10-02,-0.012033383236209061
2018-10-03,0.00017162884223731467
2018-10-04,-0.016589187547563777
2018-10-05,-0.015329006646426446
2018-10-08,-0.006964065680874043
2018-10-09,-0.002441274899893653
2018-10-10,-0.04759097305563709
2018-10-11,-0.028368104598866628
2018-10-12,0.025007562736410582
2018-10-15,-0.01882909326061344
2018-10-16,0.033975205906495054
2018-10-17,-0.005170749785293083
2018-10-18,-0.015200660490553575
2018-10-19,-0.022744932592508094
2018-10-22,0.005395916616148577
2018-10-23,-0.01790860384484072
2018-10-24,-0.04717933292825538
2018-10-25,0.02164787221640152
2018-10-26,-0.029145163215962167
2018-10-29,-0.024458990209797693
2018-10-30,0.040697191559865065
2018-10-31,0.004985365969787603
2018-11-01,0.021736017972219024
2018-11-02,-0.007228668866896437
2018-11-05,-0.0020037328301206747
2018-11-06,0.016162314677729217
2018-11-07,0.013134680122286246
2018-11-08,-0.012020851349745398
2018-11-09,-0.005281589990625779
2018-11-12,-0.03232694308228179
2018-11-13,0.018406904516353295
2018-11-14,-0.004943139813246011
2018-11-15,0.012457729877099366
2018-11-16,-0.0700149072791717
2018-11-19,-0.051672471036358525
2018-11-20,0.009031091479358766
2018-11-21,-0.005636228054182624
2018-11-23,0.0010953163399674004
2018-11-26,0.02448735433575311
2018-11-27,-0.0018479655777365878
2018-11-28,0.028422935493173984
2018-11-29,-0.004250585227708492
2018-11-30,0.021716428615057515
2018-12-03,0.021610768459396024
2018-12-04,-0.045897270562027304
2018-12-06,0.008701502662844529
2018-12-07,-0.03547718761712848
2018-12-10,0.005744637104482475
2018-12-11,-0.0076566987825721355
2018-12-12,0.0068731009789748665
2018-12-13,0.0016548763008183975
2018-12-14,-0.011301237000247766
2018-12-17,-0.035371932884373125
2018-12-18,0.00976505997019017
2018-12-19,-0.029837386860348203
2018-12-20,-0.017209510839715225
2018-12-21,-0.020487215599867326
2018-12-24,-0.02716245207832202
2018-12-26,0.040352866722949354
2018-12-27,0.0010026812819579067
2018-12-28,0.008019278092991966
2018-12-31,0.006015088218824127
2019-01-02,-0.006858798595287707
2019-01-03,-0.03207528329003517
2019-01-04,0.036799706873877236
2019-01-07,0.02490720272101532
2019-01-08,0.005583440054986788
2019-01-09,0.008202709484349313
2019-01-10,0.011489621930591332
2019-01-11,0.01335156695435824
2019-01-14,-0.004249195390739868
2019-01-15,0.006866456206975569
2019-01-16,0.00024070813370524746
2019-01-17,0.013420555507487775
2019-01-18,0.014286198764368763
2019-01-22,-0.017235089614064614
2019-01-23,-0.0020228223207053864
2019-01-24,0.022611810619300732
2019-01-25,0.004703793849412552
2019-01-28,-0.04314335641603828
2019-01-29,-0.01377426254901315
2019-01-30,0.019945380459367223
2019-01-31,0.018992008480354983
2019-02-01,0.0009674812101962971
2019-02-04,0.014784225857037203
2019-02-05,0.007359651240725684
2019-02-06,0.01100228331110542
2019-02-07,-0.011724735361677618
2019-02-08,0.004395602556976463
2019-02-11,-0.00037271011184447644
2019-02-12,0.0066493990650164925
2019-02-13,-0.007677261226164411
2019-02-14,0.001310698688747669
2019-02-15,0.013236364715083937
2019-02-19,0.0026877718888906887
2019-02-20,0.002042143441293609
2019-02-21,-0.004552904419109827
2019-02-22,0.012780881639190111
2019-02-25,-0.0017904455537225417
2019-02-26,-0.0022401032669290277
2019-02-27,-0.0016441158588772486
2019-02-28,-0.0006822755104078926
2019-03-01,0.009936891359128674
2019-03-04,-0.006172116117841742
2019-03-05,-0.00041433143408775575
2019-03-06,-0.01381670121979961
2019-03-07,-0.00871569901275615
2019-03-08,-0.003152348265385685
2019-03-11,0.03305112519136055
2019-03-12,0.0030617487570416824
2019-03-13,0.011713651283754567
2019-03-14,-0.006539605066065879
2019-03-15,0.0075298873747740025
2019-03-18,-0.0011659944753280582
2019-03-19,0.009524830637398285
2019-03-20,-0.00703384253392958
2019-03-21,0.027650240215836952
2019-03-22,-0.028475645459370313
2019-03-25,-0.0012364062006715582
2019-03-26,0.010143419802481235
2019-03-27,-0.0035145803606375647
2019-03-28,0.007606215249952308
2019-03-29,0.0042849170231742395
2019-04-01,0.0056936087343055775
2019-04-02,0.0010576929562300386
2019-04-03,0.011749841067356215
2019-04-04,-0.0033130769695317586
2019-04-05,0.008928801647600126
2019-04-08,-0.0013195775943947163
2019-04-09,-0.008560166440396255
2019-04-10,0.010576467218003538
2019-04-11,-0.003562992727947245
2019-04-12,0.0018450440528758882
2019-04-15,-0.010998225309309051
2019-04-16,0.002534249581148673
2019-04-17,-0.007475324417163365
2019-04-18,0.0024747056054039707
2019-04-22,0.0006536857635173199
2019-04-23,0.01023837843389197
2019-04-24,0.010602989439983945
2019-04-25,-0.009125837146857663
2019-04-26,-0.01084970008816466
2019-04-29,0.0010056793950596887
2019-04-30,-0.00223301347433702
2019-05-01,-0.006618305630801458
2019-05-02,0.011198726407637638
2019-05-03,0.005757132696509792
2019-05-06,-0.009250246483853308
2019-05-07,-0.021916413049708483
2019-05-08,-0.002941391345393951
2019-05-09,-0.005509199634938122
2019-05-10,0.006112381681191437
2019-05-13,-0.029200951699911104
2019-05-14,0.012253884840740081
2019-05-15,-0.014839726225197247
2019-05-16,0.006602239979144997
2019-05-17,-0.01000164548164173
2019-05-20,-0.011172963618702347
2019-05-21,0.011941315220664217
2019-05-22,-0.007589124224668176
2019-05-23,-0.017958918423941928
2019-05-24,-0.005695531422988842
2019-05-28,-0.006771937095938929
2019-05-29,-0.01888348404050888
2019-05-30,0.0028552416606937303
2019-05-31,-0.0124538365113247
2019-06-03,-0.0021929345427691427
2019-06-04,0.0340896730146909
2019-06-05,-0.000783294945362778
2019-06-06,0.004573177735405665
2019-06-07,0.009401492379409015
2019-06-10,0.0022273215411714453
2019-06-11,0.0012443786773594923
2019-06-12,-0.007260610657403244
2019-06-13,0.009422535793267128
2019-06-14,-0.007875468520957107
2019-06-17,-0.00265940706433343
2019-06-18,0.02448351616984712
2019-06-19,0.0013543899533421389
2019-06-20,0.005618305883560604
2019-06-21,-0.007957088575714977
2019-06-24,-0.0008819113764940711
2019-06-25,-0.009763693445129729
2019-06-26,0.006516332871332242
2019-06-27,0.019165917420920442
2019-06-28,0.009825999409456943
2019-07-01,0.0038320006950722796
2019-07-02,-0.00394379302771708
2019-07-03,0.010530653916591248
2019-07-05,-0.006225339610840042
2019-07-08,-0.008172761927723982
2019-07-09,-0.00046111079256361265
2019-07-10,0.002426279371628759
2019-07-11,0.00989811475056368
2019-07-12,0.005778102519826023
2019-07-15,-0.0009463230968872471
2019-07-16,0.0013488127204885902
2019-07-17,0.0022361835993953694
2019-07-18,-0.0002505624723521116
2019-07-19,-0.013298763764826416
2019-07-22,0.00039261446599780925
2019-07-23,0.009834683838744862
2019-07-24,0.006656820138768671
2019-07-25,-0.010839993750400123
2019-07-26,0.008229796256553179
2019-07-29,0.0014086748472008637
2019-07-30,-0.0006422399220066266
2019-07-31,-0.018742808693805735
2019-08-01,-0.01349087991471598
2019-08-02,-0.00932043543096206
2019-08-05,-0.03672734414441259
2019-08-06,0.011862045022008827
2019-08-07,0.004676913726421317
2019-08-08,0.023189151425594856
2019-08-09,-0.010876087378638322
2019-08-12,-0.012267529059984406
2019-08-13,0.012279629942523185
2019-08-14,-0.026607095485141063
2019-08-15,0.003642535294245075
2019-08-16,0.032317133046736224
2019-08-19,0.025015681328966588
2019-08-20,-0.007213576541412303
2019-08-21,0.014864803818577244
2019-08-22,0.00036769386314738917
2019-08-23,-0.03273756414716611
2019-08-26,0.014388096396640293
2019-08-27,-0.01154996350586357
2019-08-28,0.001422562645202019
2019-08-29,0.02415466998690441
2019-08-30,-0.0023362148823994344
2019-09-03,-0.004214119297559993
2019-09-04,0.0128786807756478
2019-09-05,0.028774122863399976
2019-09-06,-0.003464799309235378
2019-09-09,0.00022803997200071535
2019-09-10,-0.0005993432988484759
2019-09-11,0.010829715433519072
2019-09-12,-0.000454893468916695
2019-09-13,-0.004171008634831663
2019-09-16,-0.0025982965756552456
2019-09-17,0.006668365555537736
2019-09-18,-0.0026387889414737353
2019-09-19,-0.007129678060027844
2019-09-20,-0.011238249073447837
2019-09-23,0.00792536606885097
2019-09-24,-0.012374947329930275
2019-09-25,0.01856288648641935
2019-09-26,-0.0009031338205198747
2019-09-27,-0.0105479043305855
2019-09-30,0.010235094582484727
2019-10-01,-0.009397863086875069
2019-10-02,-0.006506540866200949
2019-10-03,0.02406885986895091
2019-10-04,0.0066595370783013585
2019-10-07,0.0035119529997844623
2019-10-08,-0.02225520698577854
2019-10-09,0.008661445361026088
2019-10-10,0.0013225620709109709
2019-10-11,0.014573482025765916
2019-10-14,-0.0009359167902445176
2019-10-15,0.019723852946685883
2019-10-16,-0.003862222288811501
2019-10-17,-9.524781378633662e-05
2019-10-18,-0.004127410767192363
2019-10-21,0.01553330905918604
2019-10-22,-0.008021650940065905
2019-10-23,-0.0014830014922440071
2019-10-24,0.0025239514393577966
2019-10-25,0.012054184541562485
2019-10-28,0.005505024132059999
2019-10-29,0.006876222253586972
2019-10-30,-0.0023367937161619112
2019-10-31,-0.00857842872713832
2019-11-01,0.002468121236226084
2019-11-04,0.009270223514739051
2019-11-05,-0.002842404820899702
2019-11-06,-0.0028451527292503442
2019-11-07,0.006866209912314236
2019-11-08,-0.0034356371074825143
2019-11-11,0.0022855070596263793
2019-11-12,-0.0009550206717502396
2019-11-13,0.0024534539614609052
2019-11-14,0.004243792793345413
2019-11-15,-0.006597515499958795
2019-11-18,0.017144961004705195
2019-11-19,-0.007722262061787832
2019-11-20,0.005364272388344471
2019-11-21,-0.0037595764716614744
2019-11-22,0.0019575764539281337
2019-11-25,0.024719957260641356
2019-11-26,-0.004135600262935135
2019-11-27,0.0064744957741553755
2019-11-29,-0.005848474814228566
2019-12-02,-0.01745051859351454
2019-12-03,-0.00333708487246942
2019-12-04,0.006614672348308703
2019-12-05,0.001325185289818398
2019-12-06,0.00815052331822308
2019-12-09,-0.0007521051721300909
2019-12-10,0.003333507372876632
2019-12-11,0.004687969589667329
2019-12-12,0.013372533903928785
2019-12-13,-0.0020408341205697678
2019-12-16,0.006534634086037716
2019-12-17,0.008514984521737823
2019-12-18,0.002219803207638371
2019-12-19,0.0114127764287002
2019-12-20,0.007726856618080813
2019-12-23,-0.0019020631496866613
2019-12-24,-0.0010018128063479237
2019-12-26,0.0031171422306530694
2019-12-27,-0.004273085491139805
2019-12-30,-0.007211787287709659
2019-12-31,0.008204071800604007
2020-01-02,0.008690397677397543
2020-01-03,-0.00592204881928704
2020-01-06,0.0035205638684980833
2020-01-07,0.0022118329370846013
2020-01-08,0.003166043355554482
2020-01-09,0.0049224572396211475
2020-01-10,0.00045841440064608996
2020-01-13,0.01894911168393465
2020-01-14,-0.0068437764772305565
2020-01-15,0.0026777093577992073
2020-01-16,0.009569057456287222
2020-01-17,0.003988285049174811
2020-01-21,-0.0010411564607543111
2020-01-22,0.003335973566743977
2020-01-23,0.01016857576759711
2020-01-24,-0.00549711782828366
2020-01-27,-0.02082173726007408
2020-01-28,0.018272066856309443
2020-01-29,-0.003868551323863989
2020-01-30,-0.0032927479093072254
2020-01-31,-0.023785153836302753
2020-02-03,0.010824220741801893
2020-02-04,0.015972388865222342
2020-02-05,0.011899185915844157
2020-02-06,0.007697674523158948
2020-02-07,-0.006368294686175613
2020-02-10,0.020634216776411973
2020-02-11,0.010739790423553552
2020-02-12,0.014101304728683095
2020-02-13,0.0013384956746185228
2020-02-14,0.03185815319449592
2020-02-18,0.009868866696591816
2020-02-19,0.021973979109971786
2020-02-20,-0.007481114166445257
2020-02-21,-0.019334325319684598
2020-02-24,-0.04397431300161192
2020-02-25,-0.032706019994586
2020-02-26,0.007571583694863548
2020-02-27,-0.052681901747259396
2020-02-28,0.017660522993352634
2020-03-02,0.03184658055734402
2020-03-03,-0.02462009118408126
2020-03-04,0.04753903609781718
2020-03-05,-0.041416269820407914
2020-03-06,-0.014530224028936
2020-03-09,-0.0730189858025464
2020-03-10,0.04530287849077452
2020-03-11,-0.05837589504691254
2020-03-12,-0.10806245430292971
2020-03-13,0.08174978037404212
2020-03-16,-0.15343958067853225
2020-03-17,0.07514221241051877
2020-03-18,-0.0655508471965951
2020-03-19,0.05397369751369285
2020-03-20,-0.0329148084360642
2020-03-23,-0.004598759835283239
2020-03-24,0.1302011703591477
2020-03-25,0.0009280804921372177
2020-03-26,0.05370726711472851
2020-03-27,-0.013861889791361826
2020-03-30,0.04402982124206667
2020-03-31,-0.005076865849550138
2020-04-01,-0.07358404700729315
2020-04-02,0.02642067984572516
2020-04-03,-0.025452095430074317
2020-04-06,0.09292600841330101
2020-04-07,-0.019732524482569458
2020-04-08,0.03011792113540479
2020-04-09,0.018899884426678115
2020-04-13,-0.005383001004857224
2020-04-14,0.03278421893463923
2020-04-15,-0.026779275220329635
2020-04-16,0.023935115923953143
2020-04-17,0.014119414773532402
2020-04-20,-0.019295606814218602
2020-04-21,-0.032193285459831245
2020-04-22,0.042885382627325885
2020-04-23,-0.008244688068502537
2020-04-24,0.01663299634255977
2020-04-27,0.0249676826266354
2020-04-28,-0.008844174859122922
2020-04-29,0.01295379111729078
2020-04-30,-0.020515511369132766
2020-05-01,-0.03399344459469977
2020-05-04,0.014151584588966593
2020-05-05,0.008426376845537487
2020-05-06,0.00582796232712357
2020-05-07,0.03000942528176731
2020-05-08,0.02260895772889171
2020-05-11,0.019930530341519592
2020-05-12,-0.03825916056125167
2020-05-13,-0.016292373124327186
2020-05-14,0.02138755033193962
2020-05-15,0.03359215322521458
2020-05-18,0.04266027168730058
2020-05-19,-0.0007421634973417968
2020-05-20,0.014418137860634506
2020-05-21,-0.009107603861849611
2020-05-22,0.021175074594764753
2020-05-26,-0.005899868263142816
2020-05-27,0.00476817073606095
2020-05-28,-0.006425416351334201
2020-05-29,0.022715505680906745
2020-06-01,0.00477257535602682
2020-06-02,-3.638783576376259e-05
2020-06-03,0.015552583764478323
2020-06-04,-0.0033602771090662786
2020-06-05,0.013645046506379543
2020-06-08,-0.002695832609026172
2020-06-09,0.00415006885432212
2020-06-10,0.01039737454742884
2020-06-11,-0.0627449286338877
2020-06-12,0.01636923148688063
2020-06-15,0.02265289244149571
2020-06-16,0.0023283872223771596
2020-06-17,0.0009707982904079149
2020-06-18,-0.0025852660172303032
2020-06-19,-0.012063454824485564
2020-06-22,0.022628522837927045
2020-06-23,-0.0027357655204510722
2020-06-24,-0.021428630508397495
2020-06-25,0.015622949302975364
2020-06-26,-0.032549207142113734
2020-06-29,0.016118043493663414
2020-06-30,0.024848338460107255
2020-07-01,0.00273125832463883
2020-07-02,0.005290633877511164
2020-07-06,0.017691288196344024
2020-07-07,-0.009344790079651055
2020-07-08,0.02090218716699166
2020-07-09,0.010118437800772817
2020-07-10,0.002484926921259678
2020-07-13,-0.02516956823599914
2020-07-14,0.025721056512449936
2020-07-15,0.0028898020962975224
2020-07-16,-0.0115915464072337
2020-07-17,0.005845722754046712
2020-07-20,0.016691376398117352
2020-07-21,-0.00011412968780066812
2020-07-22,0.011937007134837474
2020-07-23,-0.015493884320259776
2020-07-24,0.000649621930318034
2020-07-27,0.017271355969973312
2020-07-28,-0.010451438033779015
2020-07-29,0.021223880111953308
2020-07-30,0.005634579237000725
2020-07-31,-0.0014658929369878448
2020-08-03,0.02488642531084828
2020-08-04,0.013263411506778455
2020-08-05,0.0047840208521321426
2020-08-06,0.00023100677795095947
2020-08-07,-0.0017219612963496056
2020-08-10,-0.004148693116039492
2020-08-11,-0.02106099478267187
2020-08-12,0.03043502613735294
2020-08-13,0.004201676739236104
2020-08-14,0.005724867298327663
2020-08-17,0.038670507109998864
2020-08-18,-0.0021039685122475893
2020-08-19,-0.009411537177013485
2020-08-20,-3.662466512310836e-05
2020-08-21,0.02537592770497543
2020-08-24,0.0039273720684698255
2020-08-25,0.001103730146306825
2020-08-26,0.0017635244759504065
2020-08-27,-0.004984234581512759
2020-08-28,0.025340168092349957
2020-08-31,0.0045370953117114254
2020-09-01,0.02482343107044893
2020-09-02,0.027409318369793434
2020-09-03,-0.06486247403433498
2020-09-04,-0.02255556373136347
2020-09-08,-0.035044212862394564
2020-09-09,0.04453443774259047
2020-09-10,-0.02285912275959945
2020-09-11,-0.006529569148082115
2020-09-14,0.04014764440758367
2020-09-15,0.005986154737417593
2020-09-16,-0.021829230310849268
2020-09-17,-0.0072089955129768235
2020-09-18,-0.0164886758905064
2020-09-21,0.009195518595702001
2020-09-22,0.016998110065449268
2020-09-23,-0.030851463199253137
2020-09-24,0.007947296838896944
2020-09-25,0.027099284442116733
2020-09-28,0.012799739283472444
2020-09-29,0.006976907387522102
2020-09-30,0.013719159205836995
2020-10-01,0.010023487060006664
2020-10-02,-0.01910557060550877
2020-10-05,0.03415858212621381
2020-10-06,0.001653377737373729
2020-10-07,0.016211812267815207
2020-10-08,-0.004435158863940636
2020-10-09,-0.0005068614537269145
2020-10-12,0.018982167200281452
2020-10-13,0.001593192769221874
2020-10-14,-0.008741572334407532
2020-10-15,-0.0016660238689669704
2020-10-16,-0.007219497232631489
2020-10-19,-0.01993054164656527
2020-10-20,0.010641111268693493
2020-10-21,-0.007194096779472359
2020-10-22,-0.0033899257184116793
2020-10-23,0.008199204978372787
2020-10-26,-0.02494763801534705
2020-10-27,0.01090130620175045
2020-10-28,-0.042929066475645206
2020-10-29,0.018413194105129316
2020-10-30,-0.027869848419133203
2020-11-02,0.00854328057866871
2020-11-03,0.02945953519357314
2020-11-04,0.03750476495534483
2020-11-05,0.019823011080625674
2020-11-06,0.012313964506292407
2020-11-09,-0.03893976102387531
2020-11-10,-0.031138837787457407
2020-11-11,0.03100582713284905
2020-11-12,-0.004978497888914135
2020-11-13,0.0003561504267375337
2020-11-16,0.013134207942584686
2020-11-17,-0.0010424823295899222
2020-11-18,-0.008580124273038892
2020-11-19,0.0025926056799538966
2020-11-20,-0.013181841356678992
2020-11-23,0.007104569844235131
2020-11-24,-0.0032607717183772422
2020-11-25,0.010695401570231855
2020-11-27,-0.0005444019893108276
2020-11-30,0.006727562514531993
2020-12-01,0.0010054468633151625
2020-12-02,0.0011888155526742494
2020-12-03,-0.00370063924100994
2020-12-04,0.010759949505866118
2020-12-07,0.00235495096798477
2020-12-08,-0.010145076889210847
2020-12-09,-0.018532931983453182
2020-12-10,0.004389319168554451
2020-12-11,0.001940648930514488
2020-12-14,0.019649018124361595
2020-12-15,0.009156162783499733
2020-12-16,-0.007036027654286348
2020-12-17,0.012172039569037452
2020-12-18,-0.0005819483141469295
2020-12-21,0.00029044666779509676
2020-12-22,0.003995333843134441
2020-12-23,-0.013136036843055643
2020-12-24,-0.0012695253361824088
2020-12-28,-0.00338355800269885
2020-12-29,-0.006367991667308948
2020-12-30,0.009334285022221334
2020-12-31,5.7553837233603744e-05
2021-01-04,-0.009263980733018706
2021-01-05,0.01477326550291358
2021-01-06,-0.02628263209538495
2021-01-07,0.03806822606311888
2021-01-08,0.002491281329731976
2021-01-11,0.015890291346543295
2021-01-12,-0.004621293997975728
2021-01-13,0.0020085063110291124
2021-01-14,-0.01635939361809713
2021-01-15,-0.01206504464917868
2021-01-19,0.010277428391578525
2021-01-20,0.01750811131670882
2021-01-21,0.015554618210052107
2021-01-22,-0.004122622876772564
2021-01-25,-0.002037780841665726
2021-01-26,-0.007410254355673662
2021-01-27,-0.028198453739629703
2021-01-28,0.006035943641898411
2021-01-29,-0.005025576965118073
2021-02-01,0.018433655563303786
2021-02-02,0.01852221511065366
2021-02-03,-0.009284199502214152
2021-02-04,0.011432665071967385
2021-02-05,0.0024003328090425047
2021-02-08,0.03615053698735049
2021-02-09,-0.007202250676252131
2021-02-10,0.01751608478501132
2021-02-11,0.012449762581009827
2021-02-12,-0.012823083119785528
2021-02-16,0.013368966309176722
2021-02-17,-0.012683784489995964
2021-02-18,-0.005215142107121484
2021-02-19,0.004977063409275395
2021-02-22,-0.025044468961773036
2021-02-23,-0.003971242287117427
2021-02-24,0.01813708251264634
2021-02-25,-0.053244735796003306
2021-02-26,0.008051972177812283
2021-03-01,0.015401963535614627
2021-03-02,-0.019282955257536094
2021-03-03,-0.029190288515296814
2021-03-04,-0.02512861802776445
2021-03-05,0.015436926558689557
2021-03-08,-0.02656242531379871
2021-03-09,0.039794802389251815
2021-03-10,0.004697113850472556
2021-03-11,0.02737644870845335
2021-03-12,-0.0002670102883720604
2021-03-15,0.025105275083294076
2021-03-16,0.0007519946379528353
2021-03-17,-0.001224694927296044
2021-03-18,-0.029668460622396253
2021-03-19,-0.00025212176447309
2021-03-22,0.014307990945070292
2021-03-23,-0.011173399156379937
2021-03-24,-0.024517576234186378
2021-03-25,0.0009758646745359201
2021-03-26,0.022198479445938002
2021-03-29,0.00045388806543256166
2021-03-30,-0.0021415862338678426
2021-03-31,0.01991230306106706
2021-04-01,0.02062220526059222
2021-04-05,0.013372962174322822
2021-04-06,-0.0021048907146280493
2021-04-07,0.009040880987054578
2021-04-08,0.0074243918343741555
2021-04-09,0.005706461075156044
2021-04-12,0.03144396933882043
2021-04-13,0.015689285936675956
2021-04-14,-0.015210663778998046
2021-04-15,0.03454025171436004
2021-04-16,-0.005601845432578467
2021-04-19,-0.019900510742567268
2021-04-20,-0.012291593603670825
2021-04-21,0.011403316417708087
2021-04-22,-0.012900251545344354
2021-04-23,0.017611976269600094
2021-04-26,0.009273822725752279
2021-04-27,-0.00433704871241003
2021-04-28,-0.008559433363129587
2021-04-29,0.005693722046949734
2021-04-30,-0.009407212595434977
2021-05-03,-0.004999472944591576
2021-05-04,-0.02158444329367959
2021-05-05,-0.0002508399399067107
2021-05-06,0.0031800489612279215
2021-05-07,0.01696460335682337
2021-05-10,-0.02237926764713538
2021-05-11,-0.003521267210896295
2021-05-12,-0.037186943519462834
2021-05-13,0.006006356563558191
2021-05-14,0.026766536121300533
2021-05-17,-0.0038219059726822824
2021-05-18,-0.008850638017226187
2021-05-19,0.0007937579657428806
2021-05-20,0.021770587471384717
2021-05-21,0.01132033854910297
2021-05-24,0.024978095782981047
2021-05-25,-0.0020461019968749383
2021-05-26,0.0065413399035973985
2021-05-27,-0.003997010068765072
2021-05-28,0.028728810852913567
2021-06-01,0.00011687413989358575
2021-06-02,0.016419165848994943
2021-06-03,0.006219044342047342
2021-06-04,0.02031338046144815
2021-06-07,0.004250591714436425
2021-06-08,-0.0013025706685855232
2021-06-09,-0.004767398521485999
2021-06-10,0.0024121470566527137
2021-06-11,0.014477408645307666
2021-06-14,0.005279762591813952
2021-06-15,-0.007908494721132753
2021-06-16,-0.0008464323551280462
2021-06-17,0.028448768801743407
2021-06-18,-0.0059513871350480585
2021-06-21,-0.00030657475781104004
2021-06-22,0.016293027036670793
2021-06-23,0.006295742631635237
2021-06-24,0.004928123186471289
2021-06-25,0.004310906755009558
2021-06-28,0.025301129439853298
2021-06-29,0.0017950648221352061
2021-06-30,-0.0009623801632491213
2021-07-01,0.008589953170291542
2021-07-02,0.008524121839913912
2021-07-06,0.007567718023568704
2021-07-07,-0.00875232180839891
2021-07-08,-0.01733838386808695
2021-07-09,0.010871034246000333
2021-07-12,0.018045856491675893
2021-07-13,-0.00958261280156869
2021-07-14,-0.011325697878361352
2021-07-15,-0.027732937723911166
2021-07-16,-0.02582391739790202
2021-07-19,0.011285052425933362
2021-07-20,0.005789669787162666
2021-07-21,0.024689156539765778
2021-07-22,0.009377157432082894
2021-07-23,0.00464921395858231
2021-07-26,-0.007819527465707132
2021-07-27,-0.0029387828999996035
2021-07-28,0.008383224195257055
2021-07-29,0.007929980987719798
2021-07-30,-0.007271469875465231
2021-08-02,0.008431899950467558
2021-08-03,0.0017416305402462307
2021-08-04,0.013899433993562305
2021-08-05,0.012616263981139353
2021-08-06,-0.008755803948812035
2021-08-09,-0.0034197278694847455
2021-08-10,-0.007298530338971654
2021-08-11,-0.006683963230512346
2021-08-12,0.006569602678230924
2021-08-13,0.008673047277618195
2021-08-16,-0.005208864102835942
2021-08-17,-0.01742334399152179
2021-08-18,-0.017467431401205435
2021-08-19,0.023129802361913088
2021-08-20,0.03376901192959969
2021-08-23,0.034844939909446815
2021-08-24,-0.002021235888953865
2021-08-25,0.014523004138135898
2021-08-26,-0.0066143135759041405
2021-08-27,0.017303037961645007
2021-08-30,0.0034694360456970497
2021-08-31,-0.01078252738202412
2021-09-01,0.004014781571022086
2021-09-02,-8.030678560388971e-05
2021-09-03,0.011190973422452899
2021-09-07,-0.008567072323141134
2021-09-08,-0.007186300302937432
2021-09-09,-0.00608205893399083
2021-09-10,0.005931567565087725
2021-09-13,-0.009466257985626059
2021-09-14,-0.0010049168251674567
2021-09-15,0.0039017370625491488
2021-09-16,-0.003732622288786014
2021-09-17,-0.010275629444576051
2021-09-20,-0.02671392863114186
2021-09-21,0.0031229321461390125
2021-09-22,0.023841090826331346
2021-09-23,0.018287261250262254
2021-09-24,-0.01472377640494904
2021-09-27,-0.0162519108945266
2021-09-28,-0.0327692616888986
2021-09-29,-0.005235810286895903
2021-09-30,0.00015623773655426554
2021-10-01,0.0056962700742462236
2021-10-04,-0.03174043316948949
2021-10-05,0.022602619328976115
2021-10-06,0.009746823519140912
2021-10-07,0.015004896503338472
2021-10-08,-0.010182629907261154
2021-10-11,-0.0062556620315549205
2021-10-12,0.0013045640988789131
2021-10-13,0.011880631434360467
2021-10-14,0.028313820427303016
2021-10-15,0.0012236919415118397
2021-10-18,0.013664361474577946
2021-10-19,-0.000857636045305199
2021-10-20,-0.004417945381889332
2021-10-21,0.01814998647778987
2021-10-22,0.0033474305147744854
2021-10-25,0.015369602903362534
2021-10-26,0.039269094609749144
2021-10-27,-0.010400340483190273
2021-10-28,0.01975720148633231
2021-10-29,0.018786248874409495
2021-11-01,0.011797945503827734
2021-11-02,0.013681274256649445
2021-11-03,0.006262449065120634
2021-11-04,0.08267661013875371
2021-11-05,0.0006363137627365401
2021-11-08,0.02214001970280144
2021-11-09,-0.003429332615600411
2021-11-10,-0.02893459198218007
2021-11-11,0.018217142435525524
2021-11-12,0.0009539242343643561
2021-11-15,-0.009016160558993347
2021-11-16,0.006445438615599652
2021-11-17,-0.020589679873490696
2021-11-18,0.05386050962472266
2021-11-19,0.02906885156993666
2021-11-22,-0.021407496593589093
2021-11-23,-0.007267192572552705
2021-11-24,0.02240545896416113
2021-11-26,-0.03398216661078246
2021-11-29,0.04290976169795058
2021-11-30,-0.019174528296316273
2021-12-01,-0.030277116539532134
2021-12-02,0.023241186721294493
2021-12-03,-0.03340092415228091
2021-12-06,-0.008482966065422093
2021-12-07,0.05758901401516603
2021-12-08,-0.012209304018974687
2021-12-09,-0.031962841632731664
2021-12-10,-0.003984969202904809
2021-12-13,-0.04455161541991426
2021-12-14,0.0003143324085699284
2021-12-15,0.052844531767241465
2021-12-16,-0.04890650530605145
2021-12-17,-0.013078816221265499
2021-12-20,-0.0047663774429187455
2021-12-21,0.038451365907252955
2021-12-22,0.011541665604588802
2021-12-23,0.007569600828146061
2021-12-27,0.03203707833104397
2021-12-28,-0.013008820400369325
2021-12-29,-0.0033893025902866913
2021-12-30,-0.009655286127646767
2021-12-31,-0.005277817975035792
2022-01-03,0.012743451327069222
2022-01-04,-0.020563498678362158
2022-01-05,-0.04333291861986821
2022-01-06,0.015940473121799803
2022-01-07,-0.029070597025737888
2022-01-10,0.002642221564696179
2022-01-11,0.010721053829153115
2022-01-12,0.003989713676741058
2022-01-13,-0.037200075611925176
2022-01-14,0.006864796944714868
2022-01-18,-0.03209629825977278
2022-01-19,-0.02287207596540697
2022-01-20,-0.02931788730687812
2022-01-21,-0.023711872164669634
2022-01-24,0.006379648709814223
2022-01-25,-0.03291903981739874
2022-01-26,0.008745070388915144
2022-01-27,-0.025088695376866976
2022-01-28,0.03688093293782857
2022-01-31,0.05143119851596101
2022-02-01,0.006846508297562615
2022-02-02,0.017713883791188545
2022-02-03,-0.036655787672578044
2022-02-04,0.009030244344638394
2022-02-07,0.010216637648843951
2022-02-08,0.014626544990308687
2022-02-09,0.04569084935052459
2022-02-10,-0.026800468988898762
2022-02-11,-0.055633589145500206
2022-02-14,0.007797552050006651
2022-02-15,0.06054110419567382
2022-02-16,-0.0009207621150822964
2022-02-17,-0.05686474813564235
2022-02-18,-0.022150666495465376
2022-02-22,-0.009405838322392168
2022-02-23,-0.03243496451419381
2022-02-24,0.04404500792200938
2022-02-25,0.021811905653932095
2022-02-28,0.004161382483384601
2022-03-01,-0.027879140296335203
2022-03-02,0.027365251379587008
2022-03-03,-0.014003688014886828
2022-03-04,-0.023753853738200936
2022-03-07,-0.06052595571905928
2022-03-08,0.004304256378017124
2022-03-09,0.050885658850350124
2022-03-10,-0.009624722286611265
2022-03-11,-0.020277265368626618
2022-03-14,-0.029552611045510324
2022-03-15,0.05330641519801471
2022-03-16,0.05201402240404773
2022-03-17,0.00971796067914088
2022-03-18,0.047117379703139006
2022-03-21,0.006469013294612136
2022-03-22,-0.002757734442194737
2022-03-23,-0.02855807717917125
2022-03-24,0.06914126149798272
2022-03-25,-0.010070731433559743
2022-03-28,0.015613748128678662
2022-03-29,0.019785159726951163
2022-03-30,-0.026194293038347305
2022-03-31,-0.014786000054428317
2022-04-01,-0.013197290295060227
2022-04-04,0.015244140193911626
2022-04-05,-0.03874919342771466
2022-04-06,-0.03861334374812064
2022-04-07,-0.003928102957855728
2022-04-08,-0.028506458725165884
2022-04-11,-0.035338951953295616
2022-04-12,-0.012159612801409758
2022-04-13,0.024266861851535593
2022-04-14,-0.027544231843447453
2022-04-18,0.013379941745490287
2022-04-19,0.021501650569007102
2022-04-20,-0.016882685426971356
2022-04-21,-0.043236052886225784
2022-04-22,-0.029996665540444778
2022-04-25,0.014142257807651104
2022-04-26,-0.04640027799823776
2022-04-27,-0.01290814686091657
2022-04-28,0.05315877594422069
2022-04-29,-0.051700366860994995
2022-05-02,0.02922505083362892
2022-05-03,0.002268921704324356
2022-05-04,0.03315112518907215
2022-05-05,-0.05855721586549445
2022-05-06,-0.012207665113350474
2022-05-09,-0.07028568574906058
2022-05-10,0.03202762244336976
2022-05-11,-0.04059614928456923
2022-05-12,-0.013035832692906979
2022-05-13,0.06630793380199784
2022-05-16,-0.017732305779614266
2022-05-17,0.03547221662136257
2022-05-18,-0.0582807930575564
2022-05-19,0.003840456429740735
2022-05-20,-0.010322641138924338
2022-05-23,0.012961412321058408
2022-05-24,-0.02344151819487761
2022-05-25,0.03310516537714525
2022-05-26,0.04076409687121196
2022-05-27,0.04221363894399088
2022-05-31,-0.010324598873837854
2022-06-01,-0.015576343311185847
2022-06-02,0.048592456673997475
2022-06-03,-0.030299484926594733
2022-06-06,0.0013892561774706547
2022-06-07,0.01032558293584862
2022-06-08,-0.01604697098767427
2022-06-09,-0.024964827850095128
2022-06-10,-0.044620109495315474
2022-06-13,-0.06071600658089249
2022-06-14,0.004685148017502749
2022-06-15,0.030365483715696806
2022-06-16,-0.0464495651627187
2022-06-17,0.013225553306914328
2022-06-21,0.029431764409733052
2022-06-22,-0.003912761337163895
2022-06-23,0.0043211485849834474
2022-06-24,0.04398222709119981
2022-06-27,-0.009384159996320585
2022-06-28,-0.03944784985439498
2022-06-29,-0.014097720841759087
2022-06-30,-0.016875095074680324
2022-07-01,-0.014024447489877634
2022-07-05,0.017838848076681346
2022-07-06,0.00800567401638208
2022-07-07,0.03228937085848593
2022-07-08,-0.0034204749856185934
2022-07-11,-0.027597846932856274
2022-07-12,-0.00882494496951236
2022-07-13,0.004657457989420077
2022-07-14,0.004537817424294932
2022-07-15,0.020892930106274132
2022-07-18,0.006366324044414506
2022-07-19,0.04370467196315819
2022-07-20,0.03124311755175202
2022-07-21,0.011877625873087494
2022-07-22,-0.025446683813943327
2022-07-25,-0.00973022147696323
2022-07-26,-0.01732075746740469
2022-07-27,0.04655796663849521
2022-07-28,0.017733296467693727
2022-07-29,0.008735783864701085
2022-08-01,0.008693476702041236
2022-08-02,-0.003516184912523368
2022-08-03,0.019031735457286203
2022-08-04,0.00598148293900036
2022-08-05,-0.007523235866272793
2022-08-08,-0.034417099118184025
2022-08-09,-0.01836214207017195
2022-08-10,0.04311088121123041
2022-08-11,-0.0069625504668530125
2022-08-12,0.032273570373038574
2022-08-15,0.013689155962176569
2022-08-16,-0.0036813384786462677
2022-08-17,-0.012117489830429928
2022-08-18,0.012247824739147095
2022-08-19,-0.03455155794218212
2022-08-22,-0.03534513265228201
2022-08-23,0.0020497406599644385
2022-08-24,0.006352153073827527
2022-08-25,0.026888613196872857
2022-08-26,-0.06535200023273913
2022-08-29,-0.019698534111531996
2022-08-30,-0.015423826391875672
2022-08-31,-0.018933866210361194
2022-09-01,-0.04008538199585032
2022-09-02,-0.014358231149644074
2022-09-06,-0.007590046237945569
2022-09-07,0.020776516699819503
2022-09-08,0.01082405863288649
2022-09-09,0.018427318472235443
2022-09-12,0.007591032031317724
2022-09-13,-0.06515549594000136
2022-09-14,0.00046786094054240834
2022-09-15,-0.012321220437815805
2022-09-16,0.004052810822903652
2022-09-19,0.01127694216121422
2022-09-20,-0.017446798703107613
2022-09-21,-0.0038928087256188126
2022-09-22,-0.03472358228797634
2022-09-23,-0.010963537567003856
2022-09-26,-0.01773110134141609
2022-09-27,0.005332794858132983
2022-09-28,0.024032910642055816
2022-09-29,-0.03142771032219793
2022-09-30,-0.013918080544215061
2022-10-03,0.024221458442239774
2022-10-04,0.04094701415635971
2022-10-05,-0.0009898178852671968
2022-10-06,-0.010006101888923924
2022-10-07,-0.055107567414437675
2022-10-10,-0.019360053522818332
2022-10-11,0.0038344914089565307
2022-10-12,-0.0032007652847386714
2022-10-13,0.028440036354228537
2022-10-14,-0.04347003213501399
2022-10-17,0.043851951192896976
2022-10-18,0.011341840669562009
2022-10-19,-0.00495152180520908
2022-10-20,-0.0007794190009582369
2022-10-21,0.019012040943450437
2022-10-24,0.007028000553086944
2022-10-25,0.04009926895659266
2022-10-26,-0.0099693717710585
2022-10-27,0.014036610001442185
2022-10-28,0.0365265605996008
2022-10-31,-0.014417273664384167
2022-11-01,0.004609263451444079
2022-11-02,-0.029719799363386645
2022-11-03,-0.0030124557558321996
2022-11-04,0.0354829192321946
2022-11-07,0.0007549689199539689
2022-11-08,0.01732649628261429
2022-11-09,-0.03450673752173983
2022-11-10,0.1025442579370186
2022-11-11,0.021536316750331963
2022-11-14,-0.0052842469895579836
2022-11-15,0.015914999757172366
2022-11-16,-0.027989764484459223
2022-11-17,-0.010418654900463675
2022-11-18,-0.004612520259553832
2022-11-21,-0.006237828294052394
2022-11-22,0.03470069465426162
2022-11-23,0.01499045826870149
2022-11-25,-0.00671724599118817
2022-11-28,-0.023175716643247024
2022-11-29,-0.00686538639226153
2022-11-30,0.055180510298522334
2022-12-01,0.0016079638558332832
2022-12-02,-0.010667671835320358
2022-12-05,-0.015635032890759515
2022-12-06,-0.02364536989478605
2022-12-07,0.006250260414760067
2022-12-08,0.0426946527810681
2022-12-09,-0.009517550027374755
2022-12-12,0.024890228200739273
2022-12-13,0.01851831471943699
2022-12-14,-0.01517303880419063
2022-12-15,-0.030749626271118213
2022-12-16,-0.021612908415039156
2022-12-19,-0.016837960568947152
2022-12-20,-0.0033214838610764463
2022-12-21,0.021768355210641355
2022-12-22,-0.043376860524116156
2022-12-23,-0.0021513600653704223
2022-12-27,-0.04060213454927175
2022-12-28,-0.01042958860757992
2022-12-29,0.03012685980814367
2022-12-30,-0.004058719692514368
2023-01-03,-0.0102931181043453
2023-01-04,0.023642199418760557
2023-01-05,-0.023639626507155453
2023-01-06,0.028183084946690196
2023-01-09,0.030617217968208044
2023-01-10,0.01617591440115307
2023-01-11,0.011062469359150562
2023-01-12,0.01657690580980331
2023-01-13,0.01380204576816646
2023-01-17,0.027547821443349774
2023-01-18,-0.017782873985431547
2023-01-19,-0.024180971815509045
2023-01-20,0.04373044387225922
2023-01-23,0.04980066009019524
2023-01-24,-0.00010542234042876242
2023-01-25,0.003336280539780745
2023-01-26,0.01662220482750021
2023-01-27,0.01788126059984485
2023-01-30,-0.03947832160738074
2023-01-31,0.0185034176590535
2023-02-01,0.048365616804344036
2023-02-02,0.029132331505636433
2023-02-03,-0.02123473901174089
2023-02-06,-0.0009017445393155743
2023-02-07,0.03476225014534151
2023-02-08,-0.00329569807580532
2023-02-09,-0.0023925312858015246
2023-02-10,-0.030296253037384036
2023-02-13,0.01966829544515547
2023-02-14,0.032388439561247706
2023-02-15,-0.004022499670660373
2023-02-16,-0.024523522016588584
2023-02-17,-0.015058513193019207
2023-02-21,-0.027496003358936316
2023-02-22,0.0025027311287129095
2023-02-23,0.08603556308383231
2023-02-24,-0.012494889419436439
2023-02-27,0.005000003533197184
2023-02-28,-0.006343755084276759
2023-03-01,-0.015566167463502922
2023-03-02,0.023289449516278538
2023-03-03,0.01996409007686184
2023-03-06,-0.010758975819531225
2023-03-07,-0.010026685224834408
2023-03-08,0.024453615020900044
2023-03-09,-0.02736856242418595
2023-03-10,-0.019190367337305947
2023-03-13,0.0016809151395955624
2023-03-14,0.036673920217416445
2023-03-15,0.0026806059977764196
2023-03-16,0.04065584752777385
2023-03-17,-0.0005571835131039649
2023-03-20,0.008733769035884409
2023-03-21,0.008327602728692263
2023-03-22,-0.0020426327475554507
2023-03-23,0.017482386417133178
2023-03-24,-0.007286636202337382
2023-03-27,-0.004919848875335475
2023-03-28,-0.003302357120187671
2023-03-29,0.018662875703344683
2023-03-30,0.010650463478262484
2023-03-31,0.016019641111021832
2023-04-03,0.004878993622365879
2023-04-04,-0.011863310643267289
2023-04-05,-0.015484291129537864
2023-04-06,0.0044857132459605875
2023-04-10,0.015342714830280269
2023-04-11,-0.007912445423904568
2023-04-12,-0.01722320498688734
2023-04-13,-0.0010499879455231342
2023-04-14,0.0036474311047614005
2023-04-17,0.007825190993264064
2023-04-18,0.01508329565906985
2023-04-19,0.006151615293148449
2023-04-20,-0.02268370632872785
2023-04-21,0.0027283677466509726
2023-04-24,-0.0028932700575233783
2023-04-25,-0.02791373030770561
2023-04-26,0.016172114533327786
2023-04-27,0.011180136390164908
2023-04-28,0.014979059420438645
2023-05-01,0.029017377817776913
2023-05-02,-0.01921976589384622
2023-05-03,-0.00999262396945333
2023-05-04,-0.007274087960204234
2023-05-05,0.0315227652758463
2023-05-08,0.010855513567082031
2023-05-09,-0.01701482191315129
2023-05-10,0.006481521369136045
2023-05-11,-0.00934153957915329
2023-05-12,-0.004551106726361054
2023-05-15,0.015503770298146424
2023-05-16,0.002616542918883802
2023-05-17,0.026722715653393125
2023-05-18,0.03717359508505802
2023-05-19,-0.011291189458935258
2023-05-22,-0.0038856115292674742
2023-05-23,-0.013104569214513084
2023-05-24,-0.006654265827463979
2023-05-25,0.17099007734000482
2023-05-26,0.021016342495097096
2023-05-30,0.019734895758364512
2023-05-31,-0.044359139977443895
2023-06-01,0.03877904556816292
2023-06-02,-0.002386276755724781
2023-06-05,-0.005746833007743479
2023-06-06,-0.008190333249524118
2023-06-07,-0.020516921912888786
2023-06-08,0.018651034824026302
2023-06-09,0.004169228534744329
2023-06-12,0.01512301594637755
2023-06-13,0.030547162213761414
2023-06-14,0.036733815934450575
2023-06-15,-0.00479958928011881
2023-06-16,-0.0007226385357638199
2023-06-20,0.016680286998526306
2023-06-21,-0.012855199411293317
2023-06-22,-0.0015013278251029272
2023-06-23,-0.017034637096654204
2023-06-26,-0.028488342724947047
2023-06-27,0.02615534538485953
2023-06-28,-0.01453631953755008
2023-06-29,-0.002792506502432124
2023-06-30,0.02830657364775524
2023-07-03,0.0018496972815948975
2023-07-05,-0.003846373408940673
2023-07-06,-0.006090968734493329
2023-07-07,0.006119228457486692
2023-07-10,-0.00286509619552644
2023-07-11,0.006097331474956391
2023-07-12,0.029196160023589712
2023-07-13,0.03660703880184846
2023-07-14,-0.010147562137963195
2023-07-17,0.01719839919873567
2023-07-18,0.018062114093845283
2023-07-19,-0.004868300383057522
2023-07-20,-0.02697014556936328
2023-07-21,-0.01925375545329122
2023-07-24,0.005118100307572426
2023-07-25,0.01754635340401456
2023-07-26,-0.0019234160525399835
2023-07-27,0.005217310554487042
2023-07-28,0.013365967269886703
2023-07-31,0.00037973344293429356
2023-08-01,-0.004786862416182536
2023-08-02,-0.03721594659053429
2023-08-03,0.003092884280151198
2023-08-04,0.0017663530651363946
2023-08-07,0.014940809364353491
2023-08-08,-0.014794070247602598
2023-08-09,-0.03663382050506947
2023-08-10,-0.0034953046347856453
2023-08-11,-0.027120826072010162
2023-08-14,0.05305170917856983
2023-08-15,0.0015482890202085375
2023-08-16,-0.009538161506775666
2023-08-17,-0.004868210881537549
2023-08-18,-0.000582486825341455
2023-08-21,0.06452326148761589
2023-08-22,-0.021695451986719405
2023-08-23,0.026288501730417524
2023-08-24,-0.0006294308092924528
2023-08-25,-0.017508211011046937
2023-08-28,0.01387877977557439
2023-08-29,0.03500371680406489
2023-08-30,0.007227999797310369
2023-08-31,-0.0008528245716662441
2023-09-01,-0.011969279280403256
2023-09-05,-0.002813120904256561
2023-09-06,-0.02461044773807952
2023-09-07,-0.01400165344603943
2023-09-08,-0.012178748725826694
2023-09-11,-0.0058999843921826445
2023-09-12,-0.006079136816591446
2023-09-13,0.010639828625870873
2023-09-14,0.004431178151140358
2023-09-15,-0.03058887658128473
2023-09-18,-0.000504855404889204
2023-09-19,-0.00787170030596962
2023-09-20,-0.023187731909616982
2023-09-21,-0.028071009635909472
2023-09-22,0.011460624890116344
2023-09-25,0.010906812255170317
2023-09-26,-0.008041674828536682
2023-09-27,0.008960151346281586
2023-09-28,0.012728210911693738
2023-09-29,0.008396137593755792
2023-10-02,0.020987061769049742
2023-10-03,-0.02420531852856933
2023-10-04,0.011670456979469224
2023-10-05,0.010768834937120664
2023-10-06,0.019677649145074305
2023-10-09,-0.007252638686110369
2023-10-10,0.011217247596050361
2023-10-11,0.017398961430767024
2023-10-12,-0.0016506424548649035
2023-10-13,-0.02396618250953464
2023-10-16,0.014487483436771864
2023-10-17,-0.03581587273339437
2023-10-18,-0.032390689718528765
2023-10-19,-0.0027902642447870107
2023-10-20,-0.015500995325351763
2023-10-23,0.027750234083514957
2023-10-24,0.011740956277223269
2023-10-25,-0.036844750878513355
2023-10-26,-0.029146506792868232
2023-10-27,0.002466257833923846
2023-10-30,0.01386241543767297
2023-10-31,-0.005673574113788105
2023-11-01,0.030222201942087912
2023-11-02,0.024916419117881894
2023-11-03,0.03491263112598242
2023-11-06,0.011486460599114734
2023-11-07,0.004020688897061975
2023-11-08,0.009897232469906037
2023-11-09,0.004635571945500017
2023-11-10,0.024853094216266358
2023-11-13,0.004763713947210757
2023-11-14,0.024935105306062022
2023-11-15,-0.010877133611703615
2023-11-16,0.009645633336168524
2023-11-17,-0.002758132330726526
2023-11-20,0.018597855829577625
2023-11-21,-0.005356825932557707
2023-11-22,-0.019607412459802687
2023-11-24,-0.014295243277009817
2023-11-27,0.006923420228538868
2023-11-28,-0.006817069061545777
2023-11-29,0.0064039660488866
2023-11-30,-0.022089060805671523
2023-12-01,0.005536676785546479
2023-12-04,-0.018881530607806507
2023-12-05,0.016317027324884714
2023-12-06,-0.01617902786805192
2023-12-07,0.01914822746744327
2023-12-08,0.015392371358907697
2023-12-11,-0.01259960855091391
2023-12-12,0.017187525649131397
2023-12-13,0.012903566132282274
2023-12-14,0.008330984258132057
2023-12-15,0.008607305314701108
2023-12-18,0.02003505886690804
2023-12-19,-0.004392607469736132
2023-12-20,-0.02516377967463046
2023-12-21,0.01674931571343219
2023-12-22,-0.003933535516787545
2023-12-26,0.008230246920636342
2023-12-27,0.0023802047590801845
2023-12-28,0.0013466835563202828
2023-12-29,-0.001400337256623363
2024-01-02,-0.02226089759328942
2024-01-03,-0.01677680553317762
2024-01-04,0.006133577942111446
2024-01-05,0.016934475081129996
2024-01-08,0.053612048087818165
2024-01-09,0.011761953604661146
2024-01-10,0.01840521377679205
2024-01-11,0.005258246998590677
2024-01-12,-0.0019407449482248262
2024-01-16,0.023358137153840053
2024-01-17,-0.005896540981734533
2024-01-18,0.016665133791450293
2024-01-19,0.03524954220530607
2024-01-22,0.0038617314761981714
2024-01-23,0.0033574996419476477
2024-01-24,0.019317517291517428
2024-01-25,0.003028413429104093
2024-01-26,-0.008658106260647336
2024-01-29,0.021898685368996196
2024-01-30,0.0008540319437706501
2024-01-31,-0.01889224025260161
2024-02-01,0.023608817733365983
2024-02-02,0.04070477263935324
2024-02-05,0.03385855941141647
2024-02-06,-0.01113460783632847
2024-02-07,0.023510606436655035
2024-02-08,-0.004223707099918705
2024-02-09,0.030509626871585205
2024-02-12,0.001830643993586234
2024-02-13,-0.004834125112788135
2024-02-14,0.021858970058644234
2024-02-15,-0.012072341937523934
2024-02-16,0.0007041953054509609
2024-02-20,-0.03826844838201471
2024-02-21,-0.024132255803848035
2024-02-22,0.13699418046216683
2024-02-23,0.0027880615041495638
2024-02-26,0.00323990182383449
2024-02-27,-0.004002431828304176
2024-02-28,-0.01104335587708849
2024-02-29,0.01693400121505273
2024-03-01,0.034117433475770786
2024-03-04,0.031252663526564195
2024-03-05,0.007604982287257256
2024-03-06,0.02773042632140954
2024-03-07,0.03938724423710571
2024-03-08,-0.047923095337320865
2024-03-11,-0.01687074202936578
2024-03-12,0.061981161976046195
2024-03-13,-0.009848009308211725
2024-03-14,-0.030466398709071307
2024-03-15,-0.0012708056031998094
2024-03-18,0.006014959602113734
2024-03-19,0.00982146493451408
2024-03-20,0.010958819050521651
2024-03-21,0.010502107281833206
2024-03-22,0.02564156731518863
2024-03-25,0.00574177908376905
2024-03-26,-0.022935772366188267
2024-03-27,-0.018948965777237037
2024-03-28,0.001542775368940763
2024-04-01,-0.000566379590988042
2024-04-02,-0.010645091682465746
2024-04-03,-0.004957841752537329
2024-04-04,-0.0316615169606842
2024-04-05,0.022003675316657922
2024-04-08,-0.007587918923540049
2024-04-09,-0.015939268445120724
2024-04-10,0.01378100070323418
2024-04-11,0.03611893168981606
2024-04-12,-0.02521913349474847
2024-04-15,-0.022977419240064134
2024-04-16,0.013604544754154402
2024-04-17,-0.03394860476456096
2024-04-18,0.0064652360343913085
2024-04-19,-0.08593617810845766
2024-04-22,0.03844063638700623
2024-04-23,0.033241594684795706
2024-04-24,-0.028358434652926534
2024-04-25,0.030418860920915947
2024-04-26,0.053162207694674724
2024-04-29,0.0012149906033547264
2024-04-30,-0.014628599851526758
2024-05-01,-0.03393292771501
2024-05-02,0.02896212141157206
2024-05-03,0.03129278942210845
2024-05-06,0.03473534058875849
2024-05-07,-0.015544066139211554
2024-05-08,-0.0029531028512442825
2024-05-09,-0.014924626864335266
2024-05-10,0.01179690764313901
2024-05-13,0.004421334820547518
2024-05-14,0.010216828197771033
2024-05-15,0.031745219569235594
2024-05-16,-0.002313811263714327
2024-05-17,-0.01732960342218015
2024-05-20,0.02091706739669874
2024-05-21,0.0046770563933229425
2024-05-22,-0.004072685361097839
2024-05-23,0.0795027376684383
2024-05-24,0.023273647418510235
2024-05-28,0.06138574337696001
2024-05-29,0.005679326454831823
2024-05-30,-0.033923977747877365
2024-05-31,-0.005463438354266104
2024-06-03,0.043224515594721735
2024-06-04,0.012035723835117418
2024-06-05,0.046538785127503424
2024-06-06,-0.011121958517026242
2024-06-07,-0.0010705895766502938
2024-06-10,0.006863610079152815
2024-06-11,-0.006225707297114913
2024-06-12,0.03303836603414223
2024-06-13,0.031649519448512686
2024-06-14,0.01507492259582155
2024-06-17,-0.005296972160863889
2024-06-18,0.03185616878234554
2024-06-20,-0.03216213629736653
2024-06-21,-0.028256337438833934
2024-06-24,-0.059811543206459206
2024-06-25,0.059439553420332025
2024-06-26,0.0019750482269857983
2024-06-27,-0.016675288184198056
2024-06-28,-0.005200216130164637
